X,Y,Z,time
-956.595642,4138.782227,1046.005859,0
-957.950195,4138.534668,1048.374634,0.008333333
-958.924988,4138.032227,1050.314819,0.016666667
-959.946411,4137.620117,1052.264404,0.025
-960.885071,4137.353027,1053.942749,0.033333333
-961.607971,4137.035645,1055.439697,0.041666667
-962.135681,4136.75,1056.725952,0.05
-962.516052,4136.533691,1057.697388,0.058333333
-962.809875,4136.28418,1058.491577,0.066666667
-962.997375,4136.029785,1059.240601,0.075
-963.148193,4135.843262,1059.803345,0.083333333
-963.224976,4135.732422,1060.275269,0.091666667
-963.209167,4135.727539,1060.555786,0.1
-963.213928,4135.702148,1060.818481,0.108333333
-963.114929,4135.68457,1061.0177,0.116666667
-963.000366,4135.799316,1061.154663,0.125
-962.811096,4135.901367,1061.210815,0.133333333
-962.619751,4136.041016,1061.202759,0.141666667
-962.396484,4136.066895,1061.160522,0.15
-962.138733,4136.109375,1061.10498,0.158333333
-961.891174,4136.252441,1061.034302,0.166666667
-961.622864,4136.386719,1060.931641,0.175
-961.388794,4136.440918,1060.810425,0.183333333
-961.124207,4136.42334,1060.741821,0.191666667
-960.874084,4136.353027,1060.658325,0.2
-960.667358,4136.405273,1060.631226,0.208333333
-960.464783,4136.422852,1060.620483,0.216666667
-960.199463,4136.414062,1060.558594,0.225
-959.971375,4136.379395,1060.526733,0.233333333
-959.81189,4136.253906,1060.575806,0.241666667
-959.646667,4136.281738,1060.645996,0.25
-959.512207,4136.174316,1060.668457,0.258333333
-959.337463,4136.04834,1060.686279,0.266666667
-959.194458,4135.972656,1060.744141,0.275
-958.940186,4135.833984,1060.675049,0.283333333
-958.621826,4135.648926,1060.426758,0.291666667
-958.33551,4135.531738,1060.076172,0.3
-957.873474,4135.326172,1059.544556,0.308333333
-957.374756,4135.102051,1058.985474,0.316666667
-956.948792,4134.831543,1058.311279,0.325
-956.502808,4134.583496,1057.597412,0.333333333
-956.012024,4134.404785,1056.906128,0.341666667
-955.474487,4134.351562,1056.081177,0.35
-954.977417,4134.134766,1055.224731,0.358333333
-954.450806,4133.776855,1054.141724,0.366666667
-953.84729,4133.565918,1053.108521,0.375
-953.005737,4133.402344,1051.999878,0.383333333
-952.369629,4133.212402,1050.912109,0.391666667
-951.578674,4133.143066,1049.737671,0.4
-950.842102,4133.081055,1048.664917,0.408333333
-950.059204,4132.942871,1047.486694,0.416666667
-949.383606,4133.027832,1046.35022,0.425
-948.650635,4132.938477,1045.303711,0.433333333
-947.822815,4132.935547,1044.188721,0.441666667
-947.189758,4132.827148,1043.077759,0.45
-946.504456,4132.779297,1042.164551,0.458333333
-945.776245,4132.786621,1041.335815,0.466666667
-945.061096,4132.720703,1040.478882,0.475
-944.406738,4132.808594,1039.637329,0.483333333
-943.743835,4132.666992,1038.811646,0.491666667
-943.161743,4132.700684,1038.127686,0.5
-942.654663,4132.664062,1037.535645,0.508333333
-942.201477,4132.524414,1037.057373,0.516666667
-941.883789,4132.476074,1036.672729,0.525
-941.583435,4132.456543,1036.390259,0.533333333
-941.309143,4132.499023,1036.194092,0.541666667
-941.13385,4132.529297,1036.023804,0.55
-940.9776,4132.439941,1035.807129,0.558333333
-940.8302,4132.311035,1035.613159,0.566666667
-940.704163,4132.200684,1035.411621,0.575
-940.595398,4132.003906,1035.176758,0.583333333
-940.566101,4131.788574,1035.0177,0.591666667
-940.532043,4131.447754,1034.762573,0.6
-940.549438,4131.143066,1034.484131,0.608333333
-940.576843,4130.824707,1034.137207,0.616666667
-940.571167,4130.42627,1033.734741,0.625
-940.555847,4130.055176,1033.373413,0.633333333
-940.573547,4129.592773,1032.886353,0.641666667
-940.606262,4129.120117,1032.409058,0.65
-940.538269,4128.67334,1031.854736,0.658333333
-940.487244,4128.328125,1031.229248,0.666666667
-940.367065,4127.955078,1030.591064,0.675
-940.267334,4127.571777,1029.959106,0.683333333
-940.106689,4127.215332,1029.35498,0.691666667
-939.840759,4126.932617,1028.655762,0.7
-939.505188,4126.536133,1027.916992,0.708333333
-939.176453,4126.269531,1027.225464,0.716666667
-938.878235,4126.082031,1026.644165,0.725
-938.536804,4125.773926,1025.967896,0.733333333
-938.200745,4125.559082,1025.337769,0.741666667
-937.940186,4125.3125,1024.729004,0.75
-937.656311,4125.064941,1024.161865,0.758333333
-937.302856,4124.706055,1023.486633,0.766666667
-937.031006,4124.461914,1022.920715,0.775
-936.796875,4124.17627,1022.480835,0.783333333
-936.615723,4123.875,1022.057861,0.791666667
-936.411743,4123.567871,1021.690002,0.8
-936.236633,4123.199707,1021.394958,0.808333333
-936.165955,4122.812988,1021.16095,0.816666667
-936.183899,4122.365234,1020.975098,0.825
-936.277832,4121.854492,1020.846008,0.833333333
-936.425354,4121.534668,1020.809265,0.841666667
-936.613892,4121.102051,1020.778992,0.85
-936.906433,4120.591797,1020.750549,0.858333333
-937.19104,4120.217285,1020.741821,0.866666667
-937.567749,4119.648438,1020.750854,0.875
-937.933044,4119.185059,1020.742676,0.883333333
-938.389587,4118.601562,1020.650635,0.891666667
-938.69519,4118.145508,1020.533081,0.9
-938.984314,4117.498535,1020.343872,0.908333333
-939.279297,4117.112793,1020.145081,0.916666667
-939.529602,4116.46582,1019.920593,0.925
-939.80481,4116.037598,1019.613037,0.933333333
-940.007019,4115.554688,1019.363281,0.941666667
-940.249817,4114.897461,1019.044983,0.95
-940.484131,4114.366211,1018.700867,0.958333333
-940.699585,4113.706055,1018.34082,0.966666667
-940.986328,4113.126953,1017.973999,0.975
-941.315002,4112.530273,1017.729065,0.983333333
-941.647339,4111.978027,1017.485596,0.991666667
-942.086304,4111.338867,1017.350891,1
-942.579224,4110.71582,1017.195129,1.008333333
-943.123901,4110.143066,1017.074585,1.016666667
-943.654297,4109.441406,1016.969666,1.025
-944.260803,4108.628418,1016.825684,1.033333333
-944.838989,4107.78418,1016.811157,1.041666667
-945.410522,4106.881836,1016.754883,1.05
-945.889221,4105.925293,1016.669739,1.058333333
-946.479553,4104.90918,1016.546875,1.066666667
-947.050964,4103.766602,1016.433594,1.075
-947.556335,4102.498047,1016.286255,1.083333333
-948.006836,4101.092285,1016.10437,1.091666667
-948.39856,4099.605957,1015.870667,1.1
-948.724609,4098.095703,1015.617981,1.108333333
-949.020996,4096.46582,1015.32843,1.116666667
-949.253357,4094.70166,1015.100708,1.125
-949.54834,4092.958984,1014.897095,1.133333333
-949.776733,4091.119873,1014.709106,1.141666667
-949.965149,4089.205811,1014.497742,1.15
-950.110046,4087.253662,1014.247314,1.158333333
-950.311951,4085.161133,1014.057617,1.166666667
-950.524963,4083.132324,1013.882874,1.175
-950.65033,4081.01709,1013.671021,1.183333333
-950.777954,4078.717285,1013.492493,1.191666667
-950.913147,4076.369873,1013.295288,1.2
-950.982849,4074.038574,1013.075562,1.208333333
-951.192261,4071.608154,1012.930176,1.216666667
-951.383789,4069.228271,1012.80426,1.225
-951.495972,4066.688477,1012.671936,1.233333333
-951.610779,4064.088379,1012.571838,1.241666667
-951.764038,4061.451416,1012.540222,1.25
-951.851013,4058.836426,1012.474304,1.258333333
-952.027344,4056.2229,1012.457581,1.266666667
-952.152466,4053.431152,1012.469421,1.275
-952.254761,4050.619629,1012.529114,1.283333333
-952.394653,4047.810059,1012.598877,1.291666667
-952.453979,4045.016846,1012.592651,1.3
-952.53772,4042.078125,1012.488464,1.308333333
-952.615173,4039.029053,1012.384277,1.316666667
-952.605469,4035.89624,1012.328369,1.325
-952.646423,4032.68042,1012.265808,1.333333333
-952.799072,4029.597656,1012.266846,1.341666667
-952.790588,4026.413086,1012.173279,1.35
-952.713623,4023.102295,1012.082336,1.358333333
-952.793213,4019.88501,1012.018066,1.366666667
-952.767273,4016.536133,1011.898071,1.375
-952.750183,4013.116455,1011.799805,1.383333333
-952.706909,4009.639648,1011.684448,1.391666667
-952.729675,4006.155518,1011.487488,1.4
-952.629944,4002.583984,1011.344299,1.408333333
-952.611572,3998.870605,1011.101868,1.416666667
-952.577148,3995.291992,1010.882629,1.425
-952.490723,3991.615234,1010.743286,1.433333333
-952.435364,3987.849609,1010.616333,1.441666667
-952.392151,3984.230225,1010.39801,1.45
-952.279419,3980.572021,1010.259033,1.458333333
-952.218567,3976.785156,1010.110962,1.466666667
-952.101807,3973.037842,1009.979004,1.475
-952.016052,3969.324707,1009.881958,1.483333333
-951.83075,3965.401855,1009.659546,1.491666667
-951.754883,3961.631836,1009.401428,1.5
-951.479614,3957.780029,1009.140137,1.508333333
-951.300171,3953.775635,1008.82019,1.516666667
-951.098877,3949.842041,1008.451965,1.525
-950.697876,3945.772705,1008.010376,1.533333333
-950.468201,3941.693604,1007.528809,1.541666667
-950.098999,3937.515137,1006.9953,1.55
-949.695801,3933.388184,1006.329773,1.558333333
-949.327759,3929.020264,1005.698792,1.566666667
-948.958313,3924.7229,1005.028381,1.575
-948.44104,3920.505615,1004.262207,1.583333333
-948.092041,3916.164551,1003.575562,1.591666667
-947.503662,3911.744141,1002.804138,1.6
-947.030273,3907.390869,1001.982117,1.608333333
-946.47406,3902.833496,1001.174438,1.616666667
-945.940796,3898.287842,1000.347168,1.625
-945.347046,3893.765137,999.58374,1.633333333
-944.840576,3889.21582,998.69751,1.641666667
-944.223572,3884.531738,997.88916,1.65
-943.539368,3879.958984,997.077271,1.658333333
-942.925232,3875.29541,996.277161,1.666666667
-942.151611,3870.528564,995.4104,1.675
-941.539429,3865.838867,994.612183,1.683333333
-940.805969,3860.940186,993.731689,1.691666667
-940.141052,3856.122559,992.959412,1.7
-939.410217,3851.296875,992.148682,1.708333333
-938.670044,3846.25415,991.487122,1.716666667
-937.903564,3841.389893,990.660339,1.725
-937.135132,3836.396729,989.884521,1.733333333
-936.195618,3831.260254,988.949158,1.741666667
-935.41864,3826.207275,988.13269,1.75
-934.535767,3821.001953,987.332581,1.758333333
-933.5448,3815.709473,986.567444,1.766666667
-932.531311,3810.473389,985.610779,1.775
-931.522522,3805.225342,984.780945,1.783333333
-930.45752,3799.93335,984.070618,1.791666667
-929.280396,3794.606445,983.12854,1.8
-928.074341,3789.17627,982.328491,1.808333333
-926.989502,3783.762451,981.441956,1.816666667
-925.643494,3778.255371,980.530457,1.825
-924.462585,3772.686035,979.749329,1.833333333
-923.036316,3767.295898,978.899109,1.841666667
-921.761414,3761.664307,978.126709,1.85
-920.275757,3756.094238,977.443176,1.858333333
-918.870483,3750.648438,976.692627,1.866666667
-917.504333,3745.142334,976.005615,1.875
-915.986877,3739.527832,975.200073,1.883333333
-914.637573,3733.891846,974.519409,1.891666667
-913.184753,3728.267578,973.718384,1.9
-911.812866,3722.519775,973.208557,1.908333333
-910.408081,3716.948242,972.496216,1.916666667
-908.921814,3711.095459,971.908569,1.925
-907.617126,3705.550781,971.204163,1.933333333
-906.226196,3699.701416,970.558167,1.941666667
-904.792603,3693.994141,969.793091,1.95
-903.558411,3688.270264,969.259399,1.958333333
-902.153564,3682.413574,968.488098,1.966666667
-900.86615,3676.65625,967.785095,1.975
-899.597168,3670.844971,967.153442,1.983333333
-898.369263,3664.952881,966.52887,1.991666667
-897.101379,3659.427734,965.948242,2
-895.882446,3653.466797,965.220886,2.008333333
-894.625366,3647.740723,964.550049,2.016666667
-893.416382,3641.8479,964.003235,2.025
-892.149109,3636.153076,963.294006,2.033333333
-890.997009,3630.381348,962.624878,2.041666667
-889.789734,3624.735352,962.027466,2.05
-888.661377,3618.836426,961.257568,2.058333333
-887.447144,3612.930176,960.460449,2.066666667
-886.279358,3607.143555,959.581421,2.075
-885.226624,3601.495117,958.821411,2.083333333
-884.222229,3595.886475,958.302612,2.091666667
-882.81488,3589.728271,957.601257,2.1
-881.494507,3583.991211,956.818909,2.108333333
-880.298401,3578.185059,955.905151,2.116666667
-879.077698,3572.475586,955.237549,2.125
-877.696838,3566.527588,954.560608,2.133333333
-876.500183,3560.736816,953.913818,2.141666667
-875.206726,3554.853516,953.245422,2.15
-873.825134,3548.919189,952.450745,2.158333333
-872.702209,3543.258789,952.090942,2.166666667
-871.514465,3537.231445,951.745605,2.175
-870.416748,3531.391602,951.455139,2.183333333
-869.338684,3525.66748,951.195618,2.191666667
-868.272766,3519.683594,951.090942,2.2
-867.069275,3513.703857,950.84375,2.208333333
-866.071655,3507.60791,950.738159,2.216666667
-865.188782,3501.27832,950.706421,2.225
-864.312195,3494.964111,951.000671,2.233333333
-863.481873,3488.600586,951.447754,2.241666667
-862.69043,3482.192627,952.010925,2.25
-861.925842,3475.567139,952.598938,2.258333333
-861.177734,3468.893066,953.162109,2.266666667
-860.532776,3461.71875,953.946777,2.275
-859.881836,3454.553955,955.033325,2.283333333
-859.397217,3447.193604,956.315002,2.291666667
-858.876404,3439.559082,957.612732,2.3
-858.42926,3431.866211,959.015076,2.308333333
-858.183044,3424.001221,960.719482,2.316666667
-857.807556,3415.41333,962.697144,2.325
-857.641785,3407.213867,964.986938,2.333333333
-857.573608,3398.709717,967.173584,2.341666667
-857.362183,3390.099121,969.483765,2.35
-857.16156,3381.161133,971.718262,2.358333333
-857.210144,3371.806396,974.298157,2.366666667
-857.360229,3362.391113,976.989624,2.375
-857.480103,3352.874023,980.035828,2.383333333
-857.682739,3343.030518,983.169373,2.391666667
-857.670288,3333.178955,986.22937,2.4
-857.099304,3322.819336,989.266541,2.408333333
-856.850159,3312.362793,992.433411,2.416666667
-857.058716,3301.922852,995.956116,2.425
-857.245728,3291.375,999.616943,2.433333333
-857.452759,3280.595215,1003.219482,2.441666667
-857.59613,3269.678955,1006.845703,2.45
-857.585388,3258.695068,1010.271423,2.458333333
-857.708313,3247.476318,1013.591553,2.466666667
-857.957336,3236.159668,1017.263062,2.475
-858.086853,3224.649658,1021.066284,2.483333333
-858.310303,3213.25293,1024.739502,2.491666667
-858.409912,3201.769287,1028.046875,2.5
-858.387451,3189.957031,1031.106567,2.508333333
-858.445007,3178.087402,1034.151978,2.516666667
-858.416748,3165.947998,1037.018799,2.525
-858.648499,3153.82373,1039.925049,2.533333333
-858.740173,3141.617432,1042.721191,2.541666667
-858.935181,3129.466309,1045.03894,2.55
-859.01178,3117.272461,1047.081177,2.558333333
-859.221741,3104.866211,1048.959717,2.566666667
-859.434814,3092.412354,1050.448853,2.575
-859.659973,3079.803955,1051.87207,2.583333333
-860.085815,3067.362061,1052.917114,2.591666667
-860.430908,3055.082275,1053.575317,2.6
-860.73114,3042.536377,1053.98645,2.608333333
-861.066711,3030.057861,1053.713989,2.616666667
-861.564026,3017.937988,1053.230713,2.625
-862.274048,3005.813721,1052.356079,2.633333333
-862.682129,2993.468994,1051.214722,2.641666667
-862.703186,2981.463135,1049.348389,2.65
-863.127441,2969.750977,1047.114258,2.658333333
-863.156982,2957.73999,1044.123657,2.666666667
-863.389404,2946.524658,1040.834351,2.675
-863.154785,2934.948975,1036.967651,2.683333333
-863.01001,2923.958984,1032.709351,2.691666667
-862.643799,2913.0271,1027.935059,2.7
-862.356873,2902.735107,1022.612793,2.708333333
-861.755676,2892.351562,1016.737366,2.716666667
-861.526184,2882.67749,1010.169739,2.725
-860.795349,2872.800781,1003.144409,2.733333333
-859.996399,2863.701904,995.842041,2.741666667
-858.956543,2854.322266,987.852173,2.75
-857.62207,2845.911621,979.611511,2.758333333
-856.329224,2838.47876,970.734802,2.766666667
-854.665527,2830.86377,961.532349,2.775
-853.046387,2823.918701,951.934875,2.783333333
-851.724915,2818.163818,942.138184,2.791666667
-850.066345,2812.493164,931.92395,2.8
-848.70752,2807.460693,921.627686,2.808333333
-847.343811,2803.603027,911.234253,2.816666667
-845.648743,2800.165527,900.653809,2.825
-843.908813,2797.195801,889.745789,2.833333333
-842.313904,2795.071045,879.094727,2.841666667
-839.86438,2793.443848,868.28363,2.85
-837.064758,2792.347412,857.194946,2.858333333
-834.40741,2792.020752,846.040588,2.866666667
-831.423279,2792.000977,834.834412,2.875
-828.560242,2792.395752,823.614807,2.883333333
-825.952942,2793.450195,812.561096,2.891666667
-823.385376,2795.213623,801.541992,2.9
-820.293152,2797.429443,790.647217,2.908333333
-817.102539,2800.391113,780.138062,2.916666667
-814.210266,2803.990234,769.737183,2.925
-811.28125,2807.94458,759.434448,2.933333333
-808.869141,2812.601074,749.697327,2.941666667
-806.314331,2817.640137,740.263062,2.95
-803.59967,2823.246582,731.197388,2.958333333
-800.98407,2829.465088,722.500488,2.966666667
-798.232971,2835.739746,713.951477,2.975
-795.695862,2842.505127,705.613647,2.983333333
-793.359802,2849.858643,697.820007,2.991666667
-790.97406,2857.849121,690.534668,3
-788.822083,2866.175293,683.85498,3.008333333
-786.663635,2874.759277,677.851074,3.016666667
-784.798035,2882.734131,672.721497,3.025
-783.308655,2892.584961,668.329956,3.033333333
-781.951477,2901.687012,664.714111,3.041666667
-780.55365,2911.182373,661.882874,3.05
-779.100403,2921.516846,659.778687,3.058333333
-777.05719,2931.005859,658.094116,3.066666667
-775.321899,2941.518799,657.079163,3.075
-773.622253,2952.357666,656.914185,3.083333333
-771.89325,2963.161865,657.352112,3.091666667
-769.883545,2974.58667,658.942139,3.1
-767.777039,2986.284912,661.445496,3.108333333
-765.691895,2998.117432,664.823792,3.116666667
-763.465881,3010.003418,669.280212,3.125
-761.27948,3021.710205,674.739746,3.133333333
-758.974121,3033.478271,681.291626,3.141666667
-756.665955,3045.071289,688.969604,3.15
-754.171631,3056.480713,697.783936,3.158333333
-751.595215,3067.533203,707.771484,3.166666667
-749.135498,3078.048828,718.846313,3.175
-746.73291,3088.271973,731.08844,3.183333333
-744.152344,3097.81958,744.267456,3.191666667
-741.461792,3107.418457,758.700195,3.2
-738.973633,3115.435059,774.058289,3.208333333
-736.521667,3123.271729,790.587219,3.216666667
-733.766418,3130.260742,808.12384,3.225
-731.133667,3136.407471,826.644348,3.233333333
-728.454773,3141.608398,846.115906,3.241666667
-725.78717,3145.736816,866.423523,3.25
-722.942017,3148.815918,887.456604,3.258333333
-720.081482,3150.611572,909.217407,3.266666667
-717.044312,3151.27124,931.538513,3.275
-714.173218,3150.885498,954.466248,3.283333333
-710.95636,3149.244629,977.800781,3.291666667
-707.519531,3146.52832,1001.693359,3.3
-704.192261,3142.687988,1025.773682,3.308333333
-700.619446,3138.009033,1050.253418,3.316666667
-697.048218,3132.268311,1075.069702,3.325
-693.219604,3125.625488,1100.045044,3.333333333
-689.426392,3118.131348,1125.209961,3.341666667
-685.578674,3109.718994,1150.441528,3.35
-681.798035,3100.529297,1175.795288,3.358333333
-677.901733,3090.447998,1201.05127,3.366666667
-674.139099,3079.605957,1226.026489,3.375
-670.698303,3068.009277,1250.950317,3.383333333
-667.212097,3055.615723,1275.633545,3.391666667
-663.548279,3042.451172,1299.963135,3.4
-659.927185,3028.531006,1323.93457,3.408333333
-656.177185,3013.626953,1347.422241,3.416666667
-652.457214,2998.057617,1370.297974,3.425
-649.028015,2981.704346,1392.662476,3.433333333
-645.473999,2964.693848,1414.494019,3.441666667
-642.106628,2946.816162,1435.74707,3.45
-638.563599,2928.257324,1456.376099,3.458333333
-635.035461,2909.257568,1476.379395,3.466666667
-631.719543,2889.768555,1495.534424,3.475
-628.549194,2869.776367,1514.129272,3.483333333
-625.0271,2849.296875,1531.966919,3.491666667
-621.745422,2828.232422,1549.05957,3.5
-618.709351,2806.810059,1565.512817,3.508333333
-615.763062,2785.025146,1581.234131,3.516666667
-612.915894,2763.129395,1596.105713,3.525
-610.082275,2740.875488,1610.039429,3.533333333
-607.521179,2718.513184,1623.258667,3.541666667
-605.109253,2695.770996,1635.795898,3.55
-602.913452,2672.842773,1647.408936,3.558333333
-600.927246,2649.773682,1658.222168,3.566666667
-599.074097,2626.612061,1668.314819,3.575
-597.113159,2603.407959,1677.668091,3.583333333
-595.573425,2580.185791,1686.164795,3.591666667
-594.140381,2556.951172,1694.07959,3.6
-593.000061,2533.931152,1701.193481,3.608333333
-591.858948,2510.915039,1707.723755,3.616666667
-590.644043,2488.031006,1713.608398,3.625
-589.636841,2465.331543,1718.638062,3.633333333
-588.664368,2442.682373,1723.130493,3.641666667
-587.789368,2420.178711,1726.681763,3.65
-586.973145,2397.897949,1729.447876,3.658333333
-586.348267,2375.820312,1731.657593,3.666666667
-585.839722,2354.01416,1732.9646,3.675
-585.351318,2332.356201,1733.645508,3.683333333
-584.90271,2310.884521,1733.586914,3.691666667
-584.41864,2289.796143,1732.969116,3.7
-583.889709,2268.979492,1731.84314,3.708333333
-583.072876,2248.523682,1730.397217,3.716666667
-582.486938,2228.707031,1728.356812,3.725
-581.874207,2209.193848,1725.610718,3.733333333
-581.006836,2190.261963,1722.576538,3.741666667
-580.238159,2171.66333,1718.782104,3.75
-579.494324,2153.606201,1714.278198,3.758333333
-578.519409,2136.083984,1709.106079,3.766666667
-577.601807,2118.83374,1703.371948,3.775
-576.697876,2102.236328,1696.86853,3.783333333
-575.630432,2086.182373,1689.859863,3.791666667
-574.815186,2070.439941,1682.28894,3.8
-574.236755,2055.275146,1674.143066,3.808333333
-573.151489,2040.612427,1665.229126,3.816666667
-572.72467,2026.370239,1655.638306,3.825
-572.214294,2012.52771,1645.230835,3.833333333
-571.994812,1999.153076,1634.137939,3.841666667
-571.686279,1985.804321,1622.351196,3.85
-571.934021,1972.958008,1609.646729,3.858333333
-572.01886,1960.193115,1596.079224,3.866666667
-572.511353,1947.777344,1581.830322,3.875
-572.981323,1935.346436,1566.648804,3.883333333
-573.450012,1923.009399,1550.817017,3.891666667
-573.793396,1910.754517,1534.182739,3.9
-574.403076,1898.406982,1516.684204,3.908333333
-575.492493,1885.904053,1497.957275,3.916666667
-576.248352,1873.139893,1478.175781,3.925
-577.374207,1860.310791,1457.434082,3.933333333
-578.601135,1847.04248,1435.281616,3.941666667
-579.561035,1833.153931,1411.931885,3.95
-580.094055,1818.393433,1387.537842,3.958333333
-580.486267,1803.095703,1362.277832,3.966666667
-580.431335,1786.848511,1336.296265,3.975
-580.358704,1769.954346,1309.768066,3.983333333
-580.732056,1752.354248,1282.550293,3.991666667
-581.517761,1734.079224,1254.592407,4
-582.996338,1714.958618,1226.044434,4.008333333
-585.114014,1694.979492,1196.973022,4.016666667
-587.345154,1674.333984,1167.181519,4.025
-590.456421,1653.089355,1136.822998,4.033333333
-594.430115,1630.812134,1105.541016,4.041666667
-598.945618,1607.654541,1073.69397,4.05
-604.024536,1583.290039,1041.090942,4.058333333
-609.296448,1557.588135,1007.612488,4.066666667
-615.315552,1531.053833,973.690735,4.075
-621.378174,1502.35022,938.633057,4.083333333
-628.329956,1472.005005,902.598267,4.091666667
-635.70343,1440.352173,866.184021,4.1
-643.482727,1406.535645,829.14978,4.108333333
-651.824158,1370.481567,791.677734,4.116666667
-660.548279,1332.316162,753.644531,4.125
-669.563477,1292.36438,715.766296,4.133333333
-678.947083,1249.998291,677.96283,4.141666667
-688.245605,1205.463867,640.42334,4.15
-698.081665,1159.271606,603.530334,4.158333333
-707.878967,1110.932617,567.029114,4.166666667
-717.935547,1060.734985,531.262451,4.175
-728.216492,1008.691772,496.235962,4.183333333
-738.305237,954.42749,462.375458,4.191666667
-748.051636,897.818298,430.228729,4.2
-757.292847,839.40863,400.109863,4.208333333
-765.634216,778.736694,372.590851,4.216666667
-772.896729,715.980957,347.960632,4.225
-778.724609,651.529053,326.769928,4.233333333
-782.759521,584.882568,309.575806,4.241666667
-783.919006,516.609619,297.206604,4.25
-780.974609,446.931549,290.361176,4.258333333
-774.089905,376.139069,289.28476,4.266666667
-764.790527,303.736938,293.156097,4.275
-755.211365,229.920715,301.689331,4.283333333
-746.601501,163.713776,312.759094,4.291666667
-740.078064,106.699295,332.764984,4.3
-728.103394,52.299728,358.541016,4.308333333
-707.971558,0.32527,385.406708,4.316666667
-683.443176,-47.867817,416.026672,4.325
-655.217529,-94.681229,455.764618,4.333333333
-623.796936,-136.32756,503.79068,4.341666667
-593.987122,-167.07515,558.978577,4.35
-568.066956,-188.187988,618.894409,4.358333333
-546.602722,-201.284821,684.210754,4.366666667
-531.302063,-205.347595,752.807617,4.375
-521.774048,-200.462769,821.535339,4.383333333
-517.614746,-188.067444,887.681641,4.391666667
-518.644592,-169.686691,949.425232,4.4
-523.801453,-147.253311,1005.10907,4.408333333
-532.568909,-122.94593,1054.108643,4.416666667
-544.046631,-98.437088,1096.363647,4.425
-556.90509,-74.589676,1132.980835,4.433333333
-570.893677,-52.268608,1165.377319,4.441666667
-584.989685,-32.160336,1195.116577,4.45
-599.876953,-13.87273,1221.713013,4.458333333
-614.663208,3.140366,1246.762085,4.466666667
-629.846497,17.922575,1269.830566,4.475
-644.343262,31.58021,1290.528442,4.483333333
-658.726257,44.026581,1311.215332,4.491666667
-672.897827,53.858189,1329.379639,4.5
-686.485535,63.010723,1347.205566,4.508333333
-700.559509,71.095596,1364.415161,4.516666667
-713.871155,78.053253,1380.894653,4.525
-726.209229,84.560158,1396.102905,4.533333333
-738.468323,89.500809,1411.75647,4.541666667
-751.379822,93.650162,1426.611572,4.55
-763.189087,97.154831,1440.482788,4.558333333
-774.031677,99.962105,1453.405273,4.566666667
-785.391357,101.326408,1465.197632,4.575
-796.088196,102.427567,1476.037109,4.583333333
-806.633301,102.592041,1485.350952,4.591666667
-816.422119,101.560028,1492.793091,4.6
-825.919373,100.492966,1499.276733,4.608333333
-835.196594,98.389648,1504.677734,4.616666667
-844.023376,95.029366,1508.980103,4.625
-852.251587,91.038811,1511.787842,4.633333333
-860.353882,86.086075,1514.078735,4.641666667
-868.471252,80.139717,1515.432495,4.65
-875.882446,72.946098,1516.000977,4.658333333
-883.018921,64.709709,1515.23877,4.666666667
-889.851929,55.60125,1513.776245,4.675
-896.450562,46.062801,1511.776611,4.683333333
-902.40564,35.092796,1508.87793,4.691666667
-907.898682,23.449677,1505.02832,4.7
-913.553772,11.111003,1500.74353,4.708333333
-919.070496,-1.761749,1495.960327,4.716666667
-924.416138,-15.871597,1490.478394,4.725
-929.83429,-30.298382,1484.085449,4.733333333
-935.558044,-45.549797,1477.347778,4.741666667
-941.402466,-61.36359,1469.778931,4.75
-947.176392,-77.732597,1461.391968,4.758333333
-953.141235,-94.707985,1452.078247,4.766666667
-959.358704,-111.876015,1441.921753,4.775
-965.495361,-129.352463,1430.624756,4.783333333
-971.91272,-146.464645,1418.139893,4.791666667
-978.167603,-163.789841,1404.555542,4.8
-984.472717,-180.875305,1389.96167,4.808333333
-990.490295,-197.773407,1375.259766,4.816666667
-996.756226,-214.241409,1358.755859,4.825
-1002.940186,-229.864502,1340.150757,4.833333333
-1008.852112,-246.989975,1322.197876,4.841666667
-1014.723206,-261.503632,1302.232056,4.85
-1020.201782,-275.61322,1281.368896,4.858333333
-1025.877808,-289.254974,1259.122437,4.866666667
-1031.12915,-301.410339,1236.109985,4.875
-1036.261841,-312.532135,1212.19519,4.883333333
-1040.621094,-322.114136,1187.433472,4.891666667
-1044.274292,-330.40686,1161.886597,4.9
-1047.590332,-337.906952,1135.894653,4.908333333
-1050.224243,-343.846619,1109.820435,4.916666667
-1051.722412,-347.924713,1083.101074,4.925
-1053.22168,-351.223602,1056.010132,4.933333333
-1053.800049,-352.611603,1028.502686,4.941666667
-1053.501709,-353.005524,1000.910522,4.95
-1052.666626,-351.568939,973.659668,4.958333333
-1050.73938,-349.309418,946.301514,4.966666667
-1047.970703,-346.040405,919.03772,4.975
-1044.425171,-341.634125,892.048706,4.983333333
-1039.304932,-334.289551,865.600342,4.991666667
-1034.654419,-327.387939,839.3797,5
-1029.284058,-319.841705,813.182495,5.008333333
-1022.951965,-310.25415,787.699768,5.016666667
-1016.199219,-299.657501,762.64978,5.025
-1008.843872,-288.051392,737.620422,5.033333333
-1000.644348,-275.18988,713.5849,5.041666667
-991.94281,-261.060883,690.417297,5.05
-982.740662,-245.887817,667.786377,5.058333333
-973.013672,-229.890442,646.059937,5.066666667
-962.540649,-212.538864,625.071533,5.075
-951.65686,-194.316711,605.201294,5.083333333
-940.058289,-175.067719,586.491882,5.091666667
-927.983643,-155.238632,568.742737,5.1
-915.398438,-134.291595,551.861389,5.108333333
-902.264465,-113.044281,536.920776,5.116666667
-888.759216,-90.660019,523.146606,5.125
-874.42334,-67.92939,510.113464,5.133333333
-859.979309,-44.648384,499.144989,5.141666667
-845.198975,-21.607702,489.481079,5.15
-830.262329,2.210677,481.068573,5.158333333
-815.013855,26.35968,473.884735,5.166666667
-799.213928,50.582336,468.356476,5.175
-783.518921,74.885422,464.237946,5.183333333
-768.347046,99.520744,461.546783,5.191666667
-752.666687,123.77951,460.269623,5.2
-737.144043,148.308502,460.334991,5.208333333
-721.37915,172.847229,461.624207,5.216666667
-706.265381,196.9617,464.364807,5.225
-691.224731,220.804382,468.356842,5.233333333
-676.388733,244.644302,473.436035,5.241666667
-662.646667,267.022675,479.921326,5.25
-647.821167,290.453735,487.297302,5.258333333
-634.841064,312.400177,495.720398,5.266666667
-621.162354,334.458679,504.964661,5.275
-609.00647,355.2211,515.288696,5.283333333
-597.773254,375.565063,526.579468,5.291666667
-586.83075,395.310913,538.316528,5.3
-576.455322,414.022827,550.9104,5.308333333
-566.731445,431.643921,564.106018,5.316666667
-557.593201,448.315826,577.532959,5.325
-549.113403,464.058777,590.934937,5.333333333
-541.128906,479.018768,604.873535,5.341666667
-533.295288,493.548737,619.178345,5.35
-526.269043,506.859589,632.781311,5.358333333
-519.684814,518.914246,646.270203,5.366666667
-515.881836,529.226074,659.381775,5.375
-510.641113,540.336365,672.359863,5.383333333
-505.710663,550.011047,685.175354,5.391666667
-501.906097,559.246094,697.460876,5.4
-498.244904,566.501587,705.342224,5.408333333
-495.162811,573.104614,712.637573,5.416666667
-492.553925,579.665771,719.899841,5.425
-490.174805,585.59967,726.919312,5.433333333
-488.42392,590.875061,733.735657,5.441666667
-487.085571,595.872253,740.338379,5.45
-485.962189,600.246887,746.466675,5.458333333
-485.151154,603.771118,752.59967,5.466666667
-485.227966,607.253113,758.26001,5.475
-485.392883,609.666321,763.798218,5.483333333
-485.978058,611.335144,768.863403,5.491666667
-486.729645,612.226074,773.473633,5.5
-488.078674,612.308594,777.747192,5.508333333
-489.877411,611.76062,777.358887,5.516666667
-492.410919,609.518799,775.592102,5.525
-494.684631,607.449036,773.201782,5.533333333
-497.376312,604.298218,770.082153,5.541666667
-500.374969,601.018555,765.838562,5.55
-503.649902,596.308289,760.804199,5.558333333
-507.08371,591.416321,754.88269,5.566666667
-512.910217,583.505981,748.463684,5.575
-517.345093,576.938843,741.632996,5.583333333
-522.114441,568.870605,734.402039,5.591666667
-527.130798,559.970703,727.216797,5.6
-532.34668,550.71698,719.233276,5.608333333
-538.601562,540.086853,710.405212,5.616666667
-544.624023,528.7005,701.821655,5.625
-550.966003,516.602722,692.963745,5.633333333
-557.722778,503.713654,684.157593,5.641666667
-564.187744,490.264374,675.47644,5.65
-571.506409,476.063629,667.233459,5.658333333
-580.158325,460.114349,658.974182,5.666666667
-588.670654,443.990265,651.445557,5.675
-599.097656,424.534973,644.113525,5.683333333
-607.998108,408.106995,637.327698,5.691666667
-618.307983,389.122833,631.824402,5.7
-629.250854,369.356934,626.778503,5.708333333
-640.703735,348.926758,622.692139,5.716666667
-653.547058,326.338898,620.058655,5.725
-665.70697,305.654358,618.239075,5.733333333
-678.267151,284.071411,617.77356,5.741666667
-691.349487,262.302185,618.440369,5.75
-704.546265,240.645813,620.426086,5.758333333
-717.856995,218.800812,623.653809,5.766666667
-731.402283,197.036499,628.270813,5.775
-744.762085,175.536743,634.106445,5.783333333
-758.272217,154.125122,641.156433,5.791666667
-771.556763,133.395111,649.424866,5.8
-784.467529,113.131302,658.378723,5.808333333
-797.429443,93.404358,668.183655,5.816666667
-810.071045,74.438995,678.921509,5.825
-822.162476,55.903328,690.244446,5.833333333
-834.397034,38.013836,702.413391,5.841666667
-846.04248,21.089706,715.135559,5.85
-857.279419,4.599503,728.077576,5.858333333
-868.239075,-11.080775,742.032654,5.866666667
-878.877869,-25.806091,756.203003,5.875
-889.023865,-39.762157,770.717285,5.883333333
-898.811523,-52.503487,785.805969,5.891666667
-908.075256,-64.103928,800.892517,5.9
-917.11377,-75.650955,816.464783,5.908333333
-925.820374,-86.016151,832.321533,5.916666667
-934.034302,-95.74984,848.008545,5.925
-941.920898,-104.675911,863.870667,5.933333333
-949.299988,-112.862846,879.656799,5.941666667
-956.180481,-120.332672,895.422241,5.95
-962.858948,-126.928955,910.92157,5.958333333
-968.944946,-132.717224,926.248718,5.966666667
-974.704712,-138.009583,941.232178,5.975
-980.05304,-142.702835,956.012695,5.983333333
-985.196411,-146.652634,970.591431,5.991666667
-990.035461,-149.964905,984.614624,6
-994.282715,-152.772079,998.277466,6.008333333
-998.39801,-154.925797,1011.40918,6.016666667
-1002.236633,-156.671692,1023.869995,6.025
-1005.793945,-157.419861,1035.81958,6.033333333
-1008.990051,-157.866989,1047.327515,6.041666667
-1011.878723,-157.920303,1057.891968,6.05
-1014.734375,-157.392487,1067.920288,6.058333333
-1017.366394,-156.317276,1077.115479,6.066666667
-1019.718628,-155.052567,1085.602905,6.075
-1022.108765,-153.238907,1093.469604,6.083333333
-1024.133301,-150.845322,1100.452637,6.091666667
-1026.054077,-148.156601,1106.713135,6.1
-1027.666138,-144.910767,1112.146973,6.108333333
-1029.383423,-141.583771,1116.843018,6.116666667
-1030.728882,-137.723282,1120.831787,6.125
-1031.963013,-133.547073,1124.071777,6.133333333
-1033.246216,-129.188873,1126.406982,6.141666667
-1034.217285,-124.405067,1127.982788,6.15
-1035.237915,-119.359306,1128.74585,6.158333333
-1035.891968,-113.967438,1128.87207,6.166666667
-1036.713257,-108.240791,1128.188354,6.175
-1037.130737,-102.200684,1126.551758,6.183333333
-1037.490356,-95.961197,1124.324219,6.191666667
-1037.905273,-89.563873,1121.44812,6.2
-1038.074707,-82.634537,1117.638184,6.208333333
-1038.053223,-75.717239,1113.079346,6.216666667
-1038.151245,-68.243042,1107.833496,6.225
-1038.03833,-60.604923,1101.858887,6.233333333
-1037.708008,-52.649418,1094.984741,6.241666667
-1037.200928,-44.285854,1087.319336,6.25
-1036.786377,-35.836346,1079.022949,6.258333333
-1036.115845,-26.824362,1070.009399,6.266666667
-1035.123901,-17.37561,1060.251099,6.275
-1034.176758,-7.617851,1049.869141,6.283333333
-1032.884399,2.507276,1038.828369,6.291666667
-1031.483887,13.340933,1027.061523,6.3
-1029.956787,24.370827,1014.782654,6.308333333
-1027.97998,36.10865,1001.863342,6.316666667
-1025.964722,48.378712,988.398254,6.325
-1023.666016,61.504791,974.483887,6.333333333
-1021.158081,75.041168,959.956543,6.341666667
-1018.421082,89.38295,945.284363,6.35
-1015.300293,104.587799,929.947327,6.358333333
-1011.965271,120.566078,914.489685,6.366666667
-1008.403564,137.433105,898.7948,6.375
-1004.495483,155.274765,883.36499,6.383333333
-1000.101807,174.281799,867.73822,6.391666667
-995.617798,194.07489,852.489502,6.4
-990.59845,214.783386,837.533875,6.408333333
-985.236877,236.502762,823.226013,6.416666667
-979.77301,259.468475,809.746277,6.425
-973.944275,282.830231,797.107117,6.433333333
-968.03772,307.011536,785.612488,6.441666667
-962.039856,331.902008,775.489807,6.45
-956.045227,357.008972,766.946594,6.458333333
-950.333984,381.766632,759.847107,6.466666667
-944.61853,406.298431,754.462891,6.475
-939.155884,430.297394,750.689758,6.483333333
-933.575928,453.727905,748.061646,6.491666667
-928.181274,476.916687,746.408936,6.5
-922.914062,499.811829,745.688843,6.508333333
-917.819824,522.42572,745.793823,6.516666667
-912.709351,545.035217,746.736877,6.525
-907.56897,567.692749,748.330383,6.533333333
-902.698364,589.572815,750.522522,6.541666667
-897.949524,610.622192,753.238953,6.55
-893.390869,631.364685,756.498657,6.558333333
-888.960815,651.076904,759.848877,6.566666667
-884.673096,670.137146,763.844971,6.575
-880.544128,688.691101,768.023315,6.583333333
-876.696777,706.121582,772.47937,6.591666667
-873.118164,723.071716,776.712158,6.6
-869.872803,739.313416,781.200378,6.608333333
-866.738708,755.030823,785.945435,6.616666667
-863.997131,769.723511,790.39856,6.625
-861.544678,783.929199,795.059753,6.633333333
-859.218079,797.159729,799.338257,6.641666667
-857.315918,810.256104,803.588745,6.65
-855.801025,822.271606,807.496521,6.658333333
-854.566223,833.879944,811.42157,6.666666667
-854.160339,845.303955,815.10022,6.675
-853.274231,856.128906,818.858154,6.683333333
-852.967224,866.301514,822.030029,6.691666667
-853.133484,876.432068,825.168823,6.7
-853.529419,885.935486,828.064941,6.708333333
-854.553528,894.780457,830.758057,6.716666667
-855.990356,903.347168,833.237305,6.725
-857.64209,911.291199,835.242126,6.733333333
-859.606079,918.384949,837.25177,6.741666667
-862.458069,925.436523,838.788635,6.75
-865.398071,931.419312,840.203613,6.758333333
-868.758362,936.657471,841.145264,6.766666667
-872.284973,941.117859,841.63208,6.775
-876.409119,944.77002,841.782349,6.783333333
-880.95874,947.554688,841.520996,6.791666667
-885.988647,949.608215,841.212769,6.8
-890.719727,951.270386,840.247375,6.808333333
-895.7948,951.852539,839.188904,6.816666667
-901.118164,951.118652,837.676941,6.825
-907.031677,950.227295,835.827209,6.833333333
-912.928284,948.312927,833.669556,6.841666667
-919.315125,946.084778,831.453308,6.85
-925.759827,942.597168,828.848022,6.858333333
-932.339966,938.374695,825.990601,6.866666667
-939.482056,933.673157,823.219727,6.875
-946.65625,928.030029,820.351929,6.883333333
-953.911133,921.910522,817.277893,6.891666667
-961.54834,915.097839,814.734314,6.9
-969.550842,907.57196,811.80188,6.908333333
-977.456665,899.523621,809.153564,6.916666667
-985.476379,890.516602,806.745422,6.925
-993.676331,881.198608,804.413574,6.933333333
-1002.00531,871.467773,802.545532,6.941666667
-1010.298462,861.079102,800.873962,6.95
-1018.233276,850.17926,799.470764,6.958333333
-1026.325684,839.152527,798.460083,6.966666667
-1034.021484,827.802124,797.936646,6.975
-1041.818237,816.237976,797.62439,6.983333333
-1049.370483,804.023621,797.497986,6.991666667
-1056.821167,792.080383,798.241089,7
-1063.712036,779.559082,798.902771,7.008333333
-1070.469116,767.086487,800.147339,7.016666667
-1077.185059,754.737915,801.680542,7.025
-1083.527466,741.5672,803.701416,7.033333333
-1089.462036,729.213867,805.870605,7.041666667
-1095.1521,716.714233,808.611572,7.05
-1100.38269,704.119507,811.52124,7.058333333
-1104.961304,691.656067,814.618958,7.066666667
-1109.727051,679.115723,818.192932,7.075
-1113.821289,666.87793,822.035645,7.083333333
-1117.494751,654.487488,825.992249,7.091666667
-1121.039062,642.528259,830.18866,7.1
-1123.900024,630.620789,834.521729,7.108333333
-1126.737671,619.024414,839.295166,7.116666667
-1129.088501,607.53418,844.063599,7.125
-1130.859497,596.51416,848.93689,7.133333333
-1132.441162,585.658203,854.035645,7.141666667
-1133.332642,575.428589,859.193359,7.15
-1133.981445,565.117676,864.441467,7.158333333
-1134.335815,555.033081,869.788391,7.166666667
-1134.265015,545.554688,875.217163,7.175
-1133.855957,536.30719,880.866943,7.183333333
-1132.802124,527.483704,886.328491,7.191666667
-1131.52417,519.067017,891.780945,7.2
-1129.838623,510.978271,897.166565,7.208333333
-1127.859863,503.610138,902.447144,7.216666667
-1125.342651,496.351654,907.784607,7.225
-1122.672363,489.68454,912.704468,7.233333333
-1119.790527,483.652954,917.651123,7.241666667
-1116.403442,478.063477,922.173889,7.25
-1112.580444,472.881989,926.362549,7.258333333
-1108.732178,468.394531,930.24292,7.266666667
-1104.320679,464.332642,933.997314,7.275
-1099.744141,460.498993,937.276611,7.283333333
-1094.977539,457.452942,940.189026,7.291666667
-1090.118408,455.109467,942.803223,7.3
-1085.016846,453.137299,944.992615,7.308333333
-1079.733398,451.424561,946.786682,7.316666667
-1074.09021,450.299561,948.066895,7.325
-1068.448853,449.442749,949.24939,7.333333333
-1062.748291,449.328735,949.872681,7.341666667
-1056.738403,449.453552,950.170471,7.35
-1050.67627,450.15625,950.089783,7.358333333
-1044.607788,451.454834,949.662964,7.366666667
-1038.338989,453.101868,948.895813,7.375
-1032.000732,455.299347,947.862,7.383333333
-1025.404419,457.803192,946.38208,7.391666667
-1018.870239,460.8237,944.750244,7.4
-1012.341736,464.432343,942.757202,7.408333333
-1005.29895,468.174561,940.805786,7.416666667
-998.617737,472.486237,938.449829,7.425
-991.894287,477.184875,935.957581,7.433333333
-985.026062,482.497498,933.054565,7.441666667
-978.320801,487.987885,930.093384,7.45
-971.459534,493.877472,927.082031,7.458333333
-964.649536,500.09668,923.941406,7.466666667
-957.871277,506.862213,920.71106,7.475
-951.261963,513.697815,917.367554,7.483333333
-944.421753,520.964111,913.824341,7.491666667
-937.512512,528.789185,910.306152,7.5
-930.254456,536.596375,906.695312,7.508333333
-923.379395,544.708069,903.167053,7.516666667
-916.360291,553.122986,899.832764,7.525
-909.252441,561.712158,896.524658,7.533333333
-902.295349,570.532715,893.134521,7.541666667
-895.366455,579.956299,889.766479,7.55
-888.574646,589.364136,886.432007,7.558333333
-881.970581,599.093445,883.17041,7.566666667
-875.215759,609.187317,880.054382,7.575
-868.661804,619.476013,877.190002,7.583333333
-862.609314,629.815613,873.999207,7.591666667
-856.742493,640.533813,871.275635,7.6
-851.219177,651.285583,868.677246,7.608333333
-846.281799,661.985168,865.881165,7.616666667
-841.727173,672.75531,863.199646,7.625
-837.68988,683.562866,860.615479,7.633333333
-834.204956,693.887634,858.519226,7.641666667
-831.200317,704.019714,856.225525,7.65
-828.435486,714.694763,854.077881,7.658333333
-826.259216,724.544006,852.220642,7.666666667
-824.411926,733.738586,850.643066,7.675
-822.814026,743.101196,849.31665,7.683333333
-821.112305,752.025146,848.382141,7.691666667
-820.148743,760.288574,847.316284,7.7
-818.904419,768.646301,846.577026,7.708333333
-818.108765,776.437744,846.233521,7.716666667
-816.948975,783.938049,846.056641,7.725
-816.037842,790.772461,846.286072,7.733333333
-815.27124,797.368774,846.481323,7.741666667
-814.255859,803.858398,846.966797,7.75
-813.127014,809.675964,847.540649,7.758333333
-811.802673,815.004578,848.335632,7.766666667
-810.209961,820.459534,849.072998,7.775
-808.774231,825.381714,850.471741,7.783333333
-806.887146,829.746216,851.747437,7.791666667
-804.842102,834.228333,853.370483,7.8
-802.854858,838.08905,854.571716,7.808333333
-800.420959,841.914001,855.830566,7.816666667
-797.773804,845.251038,857.492371,7.825
-794.72467,848.505859,859.315674,7.833333333
-791.502258,851.290283,861.097778,7.841666667
-788.30188,854.036316,862.703186,7.85
-785.018738,856.571594,864.179993,7.858333333
-780.853271,859.200195,865.862122,7.866666667
-776.772034,861.517517,867.66095,7.875
-772.181946,864.114197,869.424316,7.883333333
-767.236694,866.700867,871.225708,7.891666667
-761.971313,869.370178,873.047119,7.9
-756.36853,872.046631,874.766724,7.908333333
-750.502502,875.000305,876.359497,7.916666667
-744.24707,878.311462,877.838013,7.925
-737.773621,881.838806,879.347107,7.933333333
-731.008179,885.721313,881.047546,7.941666667
-723.992004,889.772705,882.331177,7.95
-716.673218,894.368042,883.312195,7.958333333
-708.891541,899.449768,884.426697,7.966666667
-700.972961,904.646301,885.289062,7.975
-693.110291,910.221252,886.037415,7.983333333
-684.902222,916.534485,886.74707,7.991666667
-676.466248,922.860596,887.229675,8
-668.250183,929.477478,887.43866,8.008333333
-659.569519,936.828674,887.265564,8.016666667
-650.845459,944.463318,887.142151,8.025
-642.002075,952.59491,886.732361,8.033333333
-633.236206,961.004333,886.019897,8.041666667
-624.07843,970.170715,885.479614,8.05
-614.930603,979.318726,884.464661,8.058333333
-605.809448,989.257935,883.157471,8.066666667
-596.263733,999.663391,881.805847,8.075
-587.054504,1010.479553,880.346069,8.083333333
-577.53772,1021.98877,878.794861,8.091666667
-568.11145,1034.163086,876.929077,8.1
-559.002869,1047.036377,875.049744,8.108333333
-549.211853,1060.05249,873.032104,8.116666667
-539.765686,1074.067871,870.957031,8.125
-530.385437,1088.494873,869.006409,8.133333333
-520.847473,1103.726929,867.118225,8.141666667
-511.427338,1119.611206,865.439697,8.15
-502.095093,1136.214233,863.909424,8.158333333
-492.830811,1153.501465,862.342285,8.166666667
-483.527863,1171.701782,860.994202,8.175
-474.305725,1190.430786,859.826416,8.183333333
-465.449554,1209.759644,858.660278,8.191666667
-456.506073,1229.564575,857.670898,8.2
-447.956696,1250.213501,856.621948,8.208333333
-439.559479,1271.549561,855.649963,8.216666667
-431.093353,1292.913574,854.965881,8.225
-423.181213,1315.006226,854.466003,8.233333333
-415.726837,1337.721436,854.144165,8.241666667
-408.225281,1360.1521,854.265564,8.25
-401.539276,1383.602661,854.236572,8.258333333
-394.81311,1407.104492,854.671997,8.266666667
-388.402252,1430.459839,855.564392,8.275
-382.664337,1454.249634,856.48822,8.283333333
-377.493744,1478.686035,857.618835,8.291666667
-372.57016,1502.745972,859.378235,8.3
-368.151093,1526.972168,861.496399,8.308333333
-364.087799,1551.262573,863.862915,8.316666667
-360.573151,1575.396362,866.520203,8.325
-357.478058,1599.299072,869.56189,8.333333333
-355.050812,1623.163086,872.793823,8.341666667
-352.949188,1646.765137,876.320496,8.35
